ID,First Name,Last Name,Email,Phone,Address,Subscription Date,Expiration Date
1,Emma,Johnson,emma.johnson@email.com,555-123-4567,123 Main St,2022-06-01,2023-06-01
2,Noah,Williams,noah.williams@email.com,555-234-5678,234 Elm St,2022-01-15,2023-01-15
3,Liam,Jones,liam.jones@email.com,555-345-6789,345 Oak St,2022-03-20,2023-03-20
4,Olivia,Brown,olivia.brown@email.com,555-456-7890,456 Pine St,2022-08-10,2023-08-10
5,Ava,Davis,ava.davis@email.com,555-567-8901,567 Maple St,2022-10-05,2023-10-05
6,Isabella,Wilson,isabella.wilson@email.com,555-678-9012,678 Birch St,2022-11-25,2023-11-25
7,Sophia,Taylor,sophia.taylor@email.com,555-789-0123,789 Cedar St,2022-04-30,2023-04-30
8,Mia,Anderson,mia.anderson@email.com,555-890-1234,890 Aspen St,2022-09-18,2023-09-18
9,Charlotte,Thomas,charlotte.thomas@email.com,555-901-2345,901 Walnut St,2022-07-22,2023-07-22
10,Amelia,Jackson,amelia.jackson@email.com,555-012-3456,1012 Chestnut St,2022-05-14,2023-05-14
11,Harper,White,harper.white@email.com,555-123-4567,1113 Spruce St,2022-12-01,2023-12-01
12,Evelyn,Harris,evelyn.harris@email.com,555-234-5678,1214 Willow St,2022-02-28,2023-02-28
13,Abigail,Martin,abigail.martin@email.com,555-345-6789,1315 Cherry St,2022-08-20,2023-08-20
14,Emily,Moore,emily.moore@email.com,555-456-7890,1416 Locust St,2022-06-10,2023-06-10
15,Elizabeth,Clark,elizabeth.clark@email.com,555-567-8901,1517 Elm St,2022-04-18,2023-04-18